window_id,start_date,end_date,s2_file,s5p_file,s2_status,s5p_status,status,timestamp
20190116,2019-01-16,2019-01-21,s2_20190116.tif,s5p_20190116.tif,ok,ok,complete,2026-09-09T09:41:27.395018
20190101,2019-01-01,2019-01-06,s2_20190101.tif,s5p_20190101.tif,ok,ok,complete,2026-09-09T09:41:27.328881
20190106,2019-01-06,2019-01-11,s2_20190106.tif,s5p_20190106.tif,ok,ok,complete,2026-09-09T09:41:27.339931
20190111,2019-01-11,2019-01-16,s2_20190111.tif,s5p_20190111.tif,ok,ok,complete,2026-09-09T09:41:27.362915
20190121,2019-01-21,2019-01-26,s2_20190121.tif,s5p_20190121.tif,ok,ok,complete,2026-09-09T09:41:45.653453
20190131,2019-01-31,2019-02-05,s2_20190131.tif,s5p_20190131.tif,ok,ok,complete,2026-09-09T09:41:48.508888
20190205,2019-02-05,2019-02-10,s2_20190205.tif,s5p_20190205.tif,ok,ok,complete,2026-09-09T09:41:48.800374
20190126,2019-01-26,2019-01-31,s2_20190126.tif,s5p_20190126.tif,ok,ok,complete,2026-09-09T09:41:47.596879
20190210,2019-02-10,2019-02-15,s2_20190210.tif,s5p_20190210.tif,ok,ok,complete,2026-09-09T09:42:04.846382
20190215,2019-02-15,2019-02-20,s2_20190215.tif,s5p_20190215.tif,ok,ok,complete,2026-09-09T09:42:08.406898
20190220,2019-02-20,2019-02-25,s2_20190220.tif,s5p_20190220.tif,ok,ok,complete,2026-09-09T09:42:08.981381
20190302,2019-03-02,2019-03-07,s2_20190302.tif,s5p_20190302.tif,ok,ok,complete,2026-09-09T09:42:23.132143
20190307,2019-03-07,2019-03-12,s2_20190307.tif,s5p_20190307.tif,ok,ok,complete,2026-09-09T09:42:29.045565
20190312,2019-03-12,2019-03-17,s2_20190312.tif,s5p_20190312.tif,ok,ok,complete,2026-09-09T09:42:32.660002
20190317,2019-03-17,2019-03-22,s2_20190317.tif,s5p_20190317.tif,ok,ok,complete,2026-09-09T09:42:40.078547
20190322,2019-03-22,2019-03-27,s2_20190322.tif,s5p_20190322.tif,ok,ok,complete,2026-09-09T09:42:54.626850
20190327,2019-03-27,2019-04-01,s2_20190327.tif,s5p_20190327.tif,ok,ok,complete,2026-09-09T09:42:57.767840
20190225,2019-02-25,2019-03-02,s2_20190225.tif,s5p_20190225.tif,ok,ok,complete,2026-09-09T09:42:11.499655
20190406,2019-04-06,2019-04-11,s2_20190406.tif,s5p_20190406.tif,ok,ok,complete,2026-09-09T09:43:14.123269
20190411,2019-04-11,2019-04-16,s2_20190411.tif,s5p_20190411.tif,ok,ok,complete,2026-09-09T09:43:17.055125
20190416,2019-04-16,2019-04-21,s2_20190416.tif,s5p_20190416.tif,ok,ok,complete,2026-09-09T09:43:27.952557
20190501,2019-05-01,2019-05-06,s2_20190501.tif,s5p_20190501.tif,ok,ok,complete,2026-09-09T09:43:44.828879
20190426,2019-04-26,2019-05-01,s2_20190426.tif,s5p_20190426.tif,ok,ok,complete,2026-09-09T09:43:39.312238
20190421,2019-04-21,2019-04-26,s2_20190421.tif,s5p_20190421.tif,ok,ok,complete,2026-09-09T09:43:36.821052
20190506,2019-05-06,2019-05-11,s2_20190506.tif,s5p_20190506.tif,ok,ok,complete,2026-09-09T09:43:54.937623
20190516,2019-05-16,2019-05-21,s2_20190516.tif,s5p_20190516.tif,ok,ok,complete,2026-09-09T09:43:57.060479
20190511,2019-05-11,2019-05-16,s2_20190511.tif,s5p_20190511.tif,ok,ok,complete,2026-09-09T09:43:56.576495
20190401,2019-04-01,2019-04-06,s2_20190401.tif,s5p_20190401.tif,ok,ok,complete,2026-09-09T09:43:00.455663
20190521,2019-05-21,2019-05-26,s2_20190521.tif,s5p_20190521.tif,ok,ok,complete,2026-09-09T09:44:12.361071
20190531,2019-05-31,2019-06-05,s2_20190531.tif,s5p_20190531.tif,ok,ok,complete,2026-09-09T09:44:15.104677
20190526,2019-05-26,2019-05-31,s2_20190526.tif,s5p_20190526.tif,ok,ok,complete,2026-09-09T09:44:14.234972
20190605,2019-06-05,2019-06-10,s2_20190605.tif,s5p_20190605.tif,ok,ok,complete,2026-09-09T09:44:25.415394
20190610,2019-06-10,2019-06-15,s2_20190610.tif,s5p_20190610.tif,ok,ok,complete,2026-09-09T09:44:32.051613
20190620,2019-06-20,2019-06-25,s2_20190620.tif,s5p_20190620.tif,ok,ok,complete,2026-09-09T09:44:36.746153
20190625,2019-06-25,2019-06-30,s2_20190625.tif,s5p_20190625.tif,ok,ok,complete,2026-09-09T09:44:40.764273
20190615,2019-06-15,2019-06-20,s2_20190615.tif,s5p_20190615.tif,ok,ok,complete,2026-09-09T09:44:32.280303
20190630,2019-06-30,2019-07-05,s2_20190630.tif,s5p_20190630.tif,ok,ok,complete,2026-09-09T09:44:48.247428
20190710,2019-07-10,2019-07-15,s2_20190710.tif,s5p_20190710.tif,ok,ok,complete,2026-09-09T09:44:53.679386
20190715,2019-07-15,2019-07-20,s2_20190715.tif,s5p_20190715.tif,ok,ok,complete,2026-09-09T09:44:55.240837
20190720,2019-07-20,2019-07-25,s2_20190720.tif,s5p_20190720.tif,ok,ok,complete,2026-09-09T09:44:56.465055
20190705,2019-07-05,2019-07-10,s2_20190705.tif,s5p_20190705.tif,ok,ok,complete,2026-09-09T09:44:51.828161
20190804,2019-08-04,2019-08-09,s2_20190804.tif,s5p_20190804.tif,ok,ok,complete,2026-09-09T09:45:11.527449
20190730,2019-07-30,2019-08-04,s2_20190730.tif,s5p_20190730.tif,ok,ok,complete,2026-09-09T09:45:10.138140
20190809,2019-08-09,2019-08-14,s2_20190809.tif,s5p_20190809.tif,ok,ok,complete,2026-09-09T09:45:20.758619
20190814,2019-08-14,2019-08-19,s2_20190814.tif,s5p_20190814.tif,ok,ok,complete,2026-09-09T09:45:21.409510
20190725,2019-07-25,2019-07-30,s2_20190725.tif,s5p_20190725.tif,ok,ok,complete,2026-09-09T09:45:07.757313
20190819,2019-08-19,2019-08-24,s2_20190819.tif,s5p_20190819.tif,ok,ok,complete,2026-09-09T09:45:31.399641
20190824,2019-08-24,2019-08-29,s2_20190824.tif,s5p_20190824.tif,ok,ok,complete,2026-09-09T09:45:34.296318
20190903,2019-09-03,2019-09-08,s2_20190903.tif,s5p_20190903.tif,ok,ok,complete,2026-09-09T09:45:38.022633
20190913,2019-09-13,2019-09-18,s2_20190913.tif,s5p_20190913.tif,ok,ok,complete,2026-09-09T09:45:48.498359
20190908,2019-09-08,2019-09-13,s2_20190908.tif,s5p_20190908.tif,ok,ok,complete,2026-09-09T09:45:44.619181
20190829,2019-08-29,2019-09-03,s2_20190829.tif,s5p_20190829.tif,ok,ok,complete,2026-09-09T09:45:34.782365
20190918,2019-09-18,2019-09-23,s2_20190918.tif,s5p_20190918.tif,ok,ok,complete,2026-09-09T09:45:50.828078
20190923,2019-09-23,2019-09-28,s2_20190923.tif,s5p_20190923.tif,ok,ok,complete,2026-09-09T09:45:57.965195
20190928,2019-09-28,2019-10-03,s2_20190928.tif,s5p_20190928.tif,ok,ok,complete,2026-09-09T09:46:01.900873
20191018,2019-10-18,2019-10-23,s2_20191018.tif,s5p_20191018.tif,ok,ok,complete,2026-09-09T09:46:17.563938
20191003,2019-10-03,2019-10-08,s2_20191003.tif,s5p_20191003.tif,ok,ok,complete,2026-09-09T09:46:06.107380
20191013,2019-10-13,2019-10-18,s2_20191013.tif,s5p_20191013.tif,ok,ok,complete,2026-09-09T09:46:13.709810
20191008,2019-10-08,2019-10-13,s2_20191008.tif,s5p_20191008.tif,ok,ok,complete,2026-09-09T09:46:08.081744
20191023,2019-10-23,2019-10-28,s2_20191023.tif,s5p_20191023.tif,ok,ok,complete,2026-09-09T09:46:24.617418
20191028,2019-10-28,2019-11-02,s2_20191028.tif,s5p_20191028.tif,ok,ok,complete,2026-09-09T09:46:27.176468
20191102,2019-11-02,2019-11-07,s2_20191102.tif,s5p_20191102.tif,ok,ok,complete,2026-09-09T09:46:27.255583
20191107,2019-11-07,2019-11-12,s2_20191107.tif,s5p_20191107.tif,ok,ok,complete,2026-09-09T09:46:27.714459
20191112,2019-11-12,2019-11-17,s2_20191112.tif,s5p_20191112.tif,ok,ok,complete,2026-09-09T09:46:32.884655
20191122,2019-11-22,2019-11-27,s2_20191122.tif,s5p_20191122.tif,ok,ok,complete,2026-09-09T09:46:40.581026
20191117,2019-11-17,2019-11-22,s2_20191117.tif,s5p_20191117.tif,ok,ok,complete,2026-09-09T09:46:35.970188
20191127,2019-11-27,2019-12-02,s2_20191127.tif,s5p_20191127.tif,ok,ok,complete,2026-09-09T09:46:51.770921
20191202,2019-12-02,2019-12-07,s2_20191202.tif,s5p_20191202.tif,ok,ok,complete,2026-09-09T09:46:52.982577
20191212,2019-12-12,2019-12-17,s2_20191212.tif,s5p_20191212.tif,ok,ok,complete,2026-09-09T09:47:00.038220
20191207,2019-12-07,2019-12-12,s2_20191207.tif,s5p_20191207.tif,ok,ok,complete,2026-09-09T09:46:55.862591
20191222,2019-12-22,2019-12-27,s2_20191222.tif,s5p_20191222.tif,ok,ok,complete,2026-09-09T09:47:03.093102
20191227,2019-12-27,2020-01-01,s2_20191227.tif,s5p_20191227.tif,ok,ok,complete,2026-09-09T09:47:12.502406
20191217,2019-12-17,2019-12-22,s2_20191217.tif,s5p_20191217.tif,ok,ok,complete,2026-09-09T09:47:01.827518
20200101,2020-01-01,2020-01-06,s2_20200101.tif,s5p_20200101.tif,ok,ok,complete,2026-09-09T09:47:14.762137
20200106,2020-01-06,2020-01-11,s2_20200106.tif,s5p_20200106.tif,ok,ok,complete,2026-09-09T09:47:19.447230
20200111,2020-01-11,2020-01-16,s2_20200111.tif,s5p_20200111.tif,ok,ok,complete,2026-09-09T09:47:29.770023
20200126,2020-01-26,2020-01-31,s2_20200126.tif,s5p_20200126.tif,ok,ok,complete,2026-09-09T09:47:39.154662
20200121,2020-01-21,2020-01-26,s2_20200121.tif,s5p_20200121.tif,ok,ok,complete,2026-09-09T09:47:37.793571
20200116,2020-01-16,2020-01-21,s2_20200116.tif,s5p_20200116.tif,ok,ok,complete,2026-09-09T09:47:36.948493
20200215,2020-02-15,2020-02-20,s2_20200215.tif,s5p_20200215.tif,ok,ok,complete,2026-09-09T09:47:59.539852
20200220,2020-02-20,2020-02-25,s2_20200220.tif,s5p_20200220.tif,ok,ok,complete,2026-09-09T09:47:59.719480
20200225,2020-02-25,2020-03-01,s2_20200225.tif,s5p_20200225.tif,ok,ok,complete,2026-09-09T09:47:59.896838
20200301,2020-03-01,2020-03-06,s2_20200301.tif,s5p_20200301.tif,ok,ok,complete,2026-09-09T09:48:00.088175
20200306,2020-03-06,2020-03-11,s2_20200306.tif,s5p_20200306.tif,ok,ok,complete,2026-09-09T09:48:00.292475
20200311,2020-03-11,2020-03-16,s2_20200311.tif,s5p_20200311.tif,ok,ok,complete,2026-09-09T09:48:00.492351
20200316,2020-03-16,2020-03-21,s2_20200316.tif,s5p_20200316.tif,ok,ok,complete,2026-09-09T09:48:00.639383
20200321,2020-03-21,2020-03-26,s2_20200321.tif,s5p_20200321.tif,ok,ok,complete,2026-09-09T09:48:00.810268
20200326,2020-03-26,2020-03-31,s2_20200326.tif,s5p_20200326.tif,ok,ok,complete,2026-09-09T09:48:00.940318
20200331,2020-03-31,2020-04-05,s2_20200331.tif,s5p_20200331.tif,ok,ok,complete,2026-09-09T09:48:01.208343
20200405,2020-04-05,2020-04-10,s2_20200405.tif,s5p_20200405.tif,ok,ok,complete,2026-09-09T09:48:01.556691
20200410,2020-04-10,2020-04-15,s2_20200410.tif,s5p_20200410.tif,ok,ok,complete,2026-09-09T09:48:01.686174
20200415,2020-04-15,2020-04-20,s2_20200415.tif,s5p_20200415.tif,ok,ok,complete,2026-09-09T09:48:01.906102
20200420,2020-04-20,2020-04-25,s2_20200420.tif,s5p_20200420.tif,ok,ok,complete,2026-09-09T09:48:02.086877
20200425,2020-04-25,2020-04-30,s2_20200425.tif,s5p_20200425.tif,ok,ok,complete,2026-09-09T09:48:02.308778
20200430,2020-04-30,2020-05-05,s2_20200430.tif,s5p_20200430.tif,ok,ok,complete,2026-09-09T09:48:02.571616
20200505,2020-05-05,2020-05-10,s2_20200505.tif,s5p_20200505.tif,ok,ok,complete,2026-09-09T09:48:02.776532
20200510,2020-05-10,2020-05-15,s2_20200510.tif,s5p_20200510.tif,ok,ok,complete,2026-09-09T09:48:02.916976
20200515,2020-05-15,2020-05-20,s2_20200515.tif,s5p_20200515.tif,ok,ok,complete,2026-09-09T09:48:03.120360
20200520,2020-05-20,2020-05-25,s2_20200520.tif,s5p_20200520.tif,ok,ok,complete,2026-09-09T09:48:03.402667
20200525,2020-05-25,2020-05-30,s2_20200525.tif,s5p_20200525.tif,ok,ok,complete,2026-09-09T09:48:03.606246
20200530,2020-05-30,2020-06-04,s2_20200530.tif,s5p_20200530.tif,ok,ok,complete,2026-09-09T09:48:04.184093
20200604,2020-06-04,2020-06-09,s2_20200604.tif,s5p_20200604.tif,ok,ok,complete,2026-09-09T09:48:04.441698
20200609,2020-06-09,2020-06-14,s2_20200609.tif,s5p_20200609.tif,ok,ok,complete,2026-09-09T09:48:05.088381
20200614,2020-06-14,2020-06-19,s2_20200614.tif,s5p_20200614.tif,ok,ok,complete,2026-09-09T09:48:05.489216
20200131,2020-01-31,2020-02-05,s2_20200131.tif,s5p_20200131.tif,ok,ok,complete,2026-09-09T09:47:50.070709
20200619,2020-06-19,2020-06-24,s2_20200619.tif,s5p_20200619.tif,ok,ok,complete,2026-09-09T09:48:05.754246
20200624,2020-06-24,2020-06-29,s2_20200624.tif,s5p_20200624.tif,ok,ok,complete,2026-09-09T09:48:06.150104
20200629,2020-06-29,2020-07-04,s2_20200629.tif,s5p_20200629.tif,ok,ok,complete,2026-09-09T09:48:06.217167
20200704,2020-07-04,2020-07-09,s2_20200704.tif,s5p_20200704.tif,ok,ok,complete,2026-09-09T09:48:06.387140
20200709,2020-07-09,2020-07-14,s2_20200709.tif,s5p_20200709.tif,ok,ok,complete,2026-09-09T09:48:06.437444
20200714,2020-07-14,2020-07-19,s2_20200714.tif,s5p_20200714.tif,ok,ok,complete,2026-09-09T09:48:06.589242
20200719,2020-07-19,2020-07-24,s2_20200719.tif,s5p_20200719.tif,ok,ok,complete,2026-09-09T09:48:06.618516
20200724,2020-07-24,2020-07-29,s2_20200724.tif,s5p_20200724.tif,ok,ok,complete,2026-09-09T09:48:06.742993
20200803,2020-08-03,2020-08-08,s2_20200803.tif,s5p_20200803.tif,ok,ok,complete,2026-09-09T09:48:06.948046
20200729,2020-07-29,2020-08-03,s2_20200729.tif,s5p_20200729.tif,ok,ok,complete,2026-09-09T09:48:06.862031
20200808,2020-08-08,2020-08-13,s2_20200808.tif,s5p_20200808.tif,ok,ok,complete,2026-09-09T09:48:07.106111
20200813,2020-08-13,2020-08-18,s2_20200813.tif,s5p_20200813.tif,ok,ok,complete,2026-09-09T09:48:07.140531
20200818,2020-08-18,2020-08-23,s2_20200818.tif,s5p_20200818.tif,ok,ok,complete,2026-09-09T09:48:07.260055
20200823,2020-08-23,2020-08-28,s2_20200823.tif,s5p_20200823.tif,ok,ok,complete,2026-09-09T09:48:07.392237
20200828,2020-08-28,2020-09-02,s2_20200828.tif,s5p_20200828.tif,ok,ok,complete,2026-09-09T09:48:07.471190
20200902,2020-09-02,2020-09-07,s2_20200902.tif,s5p_20200902.tif,ok,ok,complete,2026-09-09T09:48:07.530389
20200907,2020-09-07,2020-09-12,s2_20200907.tif,s5p_20200907.tif,ok,ok,complete,2026-09-09T09:48:07.680177
20200912,2020-09-12,2020-09-17,s2_20200912.tif,s5p_20200912.tif,ok,ok,complete,2026-09-09T09:48:07.764420
20200917,2020-09-17,2020-09-22,s2_20200917.tif,s5p_20200917.tif,ok,ok,complete,2026-09-09T09:48:07.905159
20200927,2020-09-27,2020-10-02,s2_20200927.tif,s5p_20200927.tif,ok,ok,complete,2026-09-09T09:48:08.023527
20200922,2020-09-22,2020-09-27,s2_20200922.tif,s5p_20200922.tif,ok,ok,complete,2026-09-09T09:48:07.942232
20201007,2020-10-07,2020-10-12,s2_20201007.tif,s5p_20201007.tif,ok,ok,complete,2026-09-09T09:48:08.162710
20201002,2020-10-02,2020-10-07,s2_20201002.tif,s5p_20201002.tif,ok,ok,complete,2026-09-09T09:48:08.152047
20201012,2020-10-12,2020-10-17,s2_20201012.tif,s5p_20201012.tif,ok,ok,complete,2026-09-09T09:48:08.298750
20201017,2020-10-17,2020-10-22,s2_20201017.tif,s5p_20201017.tif,ok,ok,complete,2026-09-09T09:48:08.531938
20201022,2020-10-22,2020-10-27,s2_20201022.tif,s5p_20201022.tif,ok,ok,complete,2026-09-09T09:48:08.566535
20201027,2020-10-27,2020-11-01,s2_20201027.tif,s5p_20201027.tif,ok,ok,complete,2026-09-09T09:48:08.711625
20201101,2020-11-01,2020-11-06,s2_20201101.tif,s5p_20201101.tif,ok,ok,complete,2026-09-09T09:48:08.755751
20201111,2020-11-11,2020-11-16,s2_20201111.tif,s5p_20201111.tif,ok,ok,complete,2026-09-09T09:48:08.945978
20201106,2020-11-06,2020-11-11,s2_20201106.tif,s5p_20201106.tif,ok,ok,complete,2026-09-09T09:48:08.872063
20201116,2020-11-16,2020-11-21,s2_20201116.tif,s5p_20201116.tif,ok,ok,complete,2026-09-09T09:48:09.116195
20201121,2020-11-21,2020-11-26,s2_20201121.tif,s5p_20201121.tif,ok,ok,complete,2026-09-09T09:48:09.276790
20201126,2020-11-26,2020-12-01,s2_20201126.tif,s5p_20201126.tif,ok,ok,complete,2026-09-09T09:48:09.419964
20201201,2020-12-01,2020-12-06,s2_20201201.tif,s5p_20201201.tif,ok,ok,complete,2026-09-09T09:48:09.511303
20201206,2020-12-06,2020-12-11,s2_20201206.tif,s5p_20201206.tif,ok,ok,complete,2026-09-09T09:48:09.608896
20201211,2020-12-11,2020-12-16,s2_20201211.tif,s5p_20201211.tif,ok,ok,complete,2026-09-09T09:48:09.692165
20201216,2020-12-16,2020-12-21,s2_20201216.tif,s5p_20201216.tif,ok,ok,complete,2026-09-09T09:48:09.781206
20201221,2020-12-21,2020-12-26,s2_20201221.tif,s5p_20201221.tif,ok,ok,complete,2026-09-09T09:48:09.854087
20201226,2020-12-26,2020-12-31,s2_20201226.tif,s5p_20201226.tif,ok,ok,complete,2026-09-09T09:48:09.984696
20201231,2020-12-31,2021-01-05,s2_20201231.tif,s5p_20201231.tif,ok,ok,complete,2026-09-09T09:48:10.057848
20210105,2021-01-05,2021-01-10,s2_20210105.tif,s5p_20210105.tif,ok,ok,complete,2026-09-09T09:48:10.167507
20210110,2021-01-10,2021-01-15,s2_20210110.tif,s5p_20210110.tif,ok,ok,complete,2026-09-09T09:48:10.270893
20210120,2021-01-20,2021-01-25,s2_20210120.tif,s5p_20210120.tif,ok,ok,complete,2026-09-09T09:48:10.560429
20210115,2021-01-15,2021-01-20,s2_20210115.tif,s5p_20210115.tif,ok,ok,complete,2026-09-09T09:48:10.504474
20210125,2021-01-25,2021-01-30,s2_20210125.tif,s5p_20210125.tif,ok,ok,complete,2026-09-09T09:48:10.765845
20210204,2021-02-04,2021-02-09,s2_20210204.tif,s5p_20210204.tif,ok,ok,complete,2026-09-09T09:48:10.999835
20210130,2021-01-30,2021-02-04,s2_20210130.tif,s5p_20210130.tif,ok,ok,complete,2026-09-09T09:48:10.991858
20210209,2021-02-09,2021-02-14,s2_20210209.tif,s5p_20210209.tif,ok,ok,complete,2026-09-09T09:48:11.310208
20210214,2021-02-14,2021-02-19,s2_20210214.tif,s5p_20210214.tif,ok,ok,complete,2026-09-09T09:48:11.318427
20210224,2021-02-24,2021-03-01,s2_20210224.tif,s5p_20210224.tif,ok,ok,complete,2026-09-09T09:48:11.685471
20210219,2021-02-19,2021-02-24,s2_20210219.tif,s5p_20210219.tif,ok,ok,complete,2026-09-09T09:48:11.479382
20210301,2021-03-01,2021-03-06,s2_20210301.tif,s5p_20210301.tif,ok,ok,complete,2026-09-09T09:48:11.873292
20210306,2021-03-06,2021-03-11,s2_20210306.tif,s5p_20210306.tif,ok,ok,complete,2026-09-09T09:48:11.912328
20210311,2021-03-11,2021-03-16,s2_20210311.tif,s5p_20210311.tif,ok,ok,complete,2026-09-09T09:48:11.999615
20210316,2021-03-16,2021-03-21,s2_20210316.tif,s5p_20210316.tif,ok,ok,complete,2026-09-09T09:48:12.050514
20210321,2021-03-21,2021-03-26,s2_20210321.tif,s5p_20210321.tif,ok,ok,complete,2026-09-09T09:48:12.160748
20210326,2021-03-26,2021-03-31,s2_20210326.tif,s5p_20210326.tif,ok,ok,complete,2026-09-09T09:48:12.247721
20210405,2021-04-05,2021-04-10,s2_20210405.tif,s5p_20210405.tif,ok,ok,complete,2026-09-09T09:48:12.433175
20210331,2021-03-31,2021-04-05,s2_20210331.tif,s5p_20210331.tif,ok,ok,complete,2026-09-09T09:48:12.304488
20210410,2021-04-10,2021-04-15,s2_20210410.tif,s5p_20210410.tif,ok,ok,complete,2026-09-09T09:48:12.556649
20210415,2021-04-15,2021-04-20,s2_20210415.tif,s5p_20210415.tif,ok,ok,complete,2026-09-09T09:48:12.622137
20210420,2021-04-20,2021-04-25,s2_20210420.tif,s5p_20210420.tif,ok,ok,complete,2026-09-09T09:48:12.673352
20210425,2021-04-25,2021-04-30,s2_20210425.tif,s5p_20210425.tif,ok,ok,complete,2026-09-09T09:48:12.759327
20210430,2021-04-30,2021-05-05,s2_20210430.tif,s5p_20210430.tif,ok,ok,complete,2026-09-09T09:48:12.836125
20210505,2021-05-05,2021-05-10,s2_20210505.tif,s5p_20210505.tif,ok,ok,complete,2026-09-09T09:48:12.885990
20210510,2021-05-10,2021-05-15,s2_20210510.tif,s5p_20210510.tif,ok,ok,complete,2026-09-09T09:48:12.959279
20210515,2021-05-15,2021-05-20,s2_20210515.tif,s5p_20210515.tif,ok,ok,complete,2026-09-09T09:48:13.071864
20210520,2021-05-20,2021-05-25,s2_20210520.tif,s5p_20210520.tif,ok,ok,complete,2026-09-09T09:48:13.126522
20210525,2021-05-25,2021-05-30,s2_20210525.tif,s5p_20210525.tif,ok,ok,complete,2026-09-09T09:48:13.205659
20210530,2021-05-30,2021-06-04,s2_20210530.tif,s5p_20210530.tif,ok,ok,complete,2026-09-09T09:48:13.267169
20210604,2021-06-04,2021-06-09,s2_20210604.tif,s5p_20210604.tif,ok,ok,complete,2026-09-09T09:48:13.361952
20210609,2021-06-09,2021-06-14,s2_20210609.tif,s5p_20210609.tif,ok,ok,complete,2026-09-09T09:48:13.408544
20210614,2021-06-14,2021-06-19,s2_20210614.tif,s5p_20210614.tif,ok,ok,complete,2026-09-09T09:48:13.587941
20210619,2021-06-19,2021-06-24,s2_20210619.tif,s5p_20210619.tif,ok,ok,complete,2026-09-09T09:48:13.660326
20210624,2021-06-24,2021-06-29,s2_20210624.tif,s5p_20210624.tif,ok,ok,complete,2026-09-09T09:48:13.719280
20210629,2021-06-29,2021-07-04,s2_20210629.tif,s5p_20210629.tif,ok,ok,complete,2026-09-09T09:48:13.825086
20210709,2021-07-09,2021-07-14,s2_20210709.tif,s5p_20210709.tif,ok,ok,complete,2026-09-09T09:48:13.989631
20210704,2021-07-04,2021-07-09,s2_20210704.tif,s5p_20210704.tif,ok,ok,complete,2026-09-09T09:48:13.909961
20210714,2021-07-14,2021-07-19,s2_20210714.tif,s5p_20210714.tif,ok,ok,complete,2026-09-09T09:48:14.269952
20210719,2021-07-19,2021-07-24,s2_20210719.tif,s5p_20210719.tif,ok,ok,complete,2026-09-09T09:48:14.361390
20210729,2021-07-29,2021-08-03,s2_20210729.tif,s5p_20210729.tif,ok,ok,complete,2026-09-09T09:48:14.581071
20210724,2021-07-24,2021-07-29,s2_20210724.tif,s5p_20210724.tif,ok,ok,complete,2026-09-09T09:48:14.484697
20210803,2021-08-03,2021-08-08,s2_20210803.tif,s5p_20210803.tif,ok,ok,complete,2026-09-09T09:48:14.708444
20210808,2021-08-08,2021-08-13,s2_20210808.tif,s5p_20210808.tif,ok,ok,complete,2026-09-09T09:48:14.787314
20210813,2021-08-13,2021-08-18,s2_20210813.tif,s5p_20210813.tif,ok,ok,complete,2026-09-09T09:48:14.844428
20210818,2021-08-18,2021-08-23,s2_20210818.tif,s5p_20210818.tif,ok,ok,complete,2026-09-09T09:48:14.943607
20210823,2021-08-23,2021-08-28,s2_20210823.tif,s5p_20210823.tif,ok,ok,complete,2026-09-09T09:48:15.031985
20210828,2021-08-28,2021-09-02,s2_20210828.tif,s5p_20210828.tif,ok,ok,complete,2026-09-09T09:48:15.145557
20210902,2021-09-02,2021-09-07,s2_20210902.tif,s5p_20210902.tif,ok,ok,complete,2026-09-09T09:48:15.188672
20210907,2021-09-07,2021-09-12,s2_20210907.tif,s5p_20210907.tif,ok,ok,complete,2026-09-09T09:48:15.319496
20210912,2021-09-12,2021-09-17,s2_20210912.tif,s5p_20210912.tif,ok,ok,complete,2026-09-09T09:48:15.356721
20210917,2021-09-17,2021-09-22,s2_20210917.tif,s5p_20210917.tif,ok,ok,complete,2026-09-09T09:48:15.508192
20200205,2020-02-05,2020-02-10,s2_20200205.tif,s5p_20200205.tif,ok,ok,complete,2026-09-09T09:47:55.011334
20210922,2021-09-22,2021-09-27,s2_20210922.tif,s5p_20210922.tif,ok,ok,complete,2026-09-09T09:48:15.560082
20210927,2021-09-27,2021-10-02,s2_20210927.tif,s5p_20210927.tif,ok,ok,complete,2026-09-09T09:48:15.646554
20211002,2021-10-02,2021-10-07,s2_20211002.tif,s5p_20211002.tif,ok,ok,complete,2026-09-09T09:48:15.681894
20211007,2021-10-07,2021-10-12,s2_20211007.tif,s5p_20211007.tif,ok,ok,complete,2026-09-09T09:48:15.709462
20211012,2021-10-12,2021-10-17,s2_20211012.tif,s5p_20211012.tif,ok,ok,complete,2026-09-09T09:48:15.790041
20211017,2021-10-17,2021-10-22,s2_20211017.tif,s5p_20211017.tif,ok,ok,complete,2026-09-09T09:48:15.819683
20211022,2021-10-22,2021-10-27,s2_20211022.tif,s5p_20211022.tif,ok,ok,complete,2026-09-09T09:48:15.858869
20211027,2021-10-27,2021-11-01,s2_20211027.tif,s5p_20211027.tif,ok,ok,complete,2026-09-09T09:48:15.900720
20211101,2021-11-01,2021-11-06,s2_20211101.tif,s5p_20211101.tif,ok,ok,complete,2026-09-09T09:48:15.975044
20211106,2021-11-06,2021-11-11,s2_20211106.tif,s5p_20211106.tif,ok,ok,complete,2026-09-09T09:48:16.036480
20211111,2021-11-11,2021-11-16,s2_20211111.tif,s5p_20211111.tif,ok,ok,complete,2026-09-09T09:48:16.119401
20211116,2021-11-16,2021-11-21,s2_20211116.tif,s5p_20211116.tif,ok,ok,complete,2026-09-09T09:48:16.158548
20211121,2021-11-21,2021-11-26,s2_20211121.tif,s5p_20211121.tif,ok,ok,complete,2026-09-09T09:48:16.223345
20211201,2021-12-01,2021-12-06,s2_20211201.tif,s5p_20211201.tif,ok,ok,complete,2026-09-09T09:48:16.363792
20211126,2021-11-26,2021-12-01,s2_20211126.tif,s5p_20211126.tif,ok,ok,complete,2026-09-09T09:48:16.285693
20211211,2021-12-11,2021-12-16,s2_20211211.tif,s5p_20211211.tif,ok,ok,complete,2026-09-09T09:48:16.633031
20211206,2021-12-06,2021-12-11,s2_20211206.tif,s5p_20211206.tif,ok,ok,complete,2026-09-09T09:48:16.623183
20211216,2021-12-16,2021-12-21,s2_20211216.tif,s5p_20211216.tif,ok,ok,complete,2026-09-09T09:48:16.649201
20211221,2021-12-21,2021-12-26,s2_20211221.tif,s5p_20211221.tif,ok,ok,complete,2026-09-09T09:48:17.033897
20211226,2021-12-26,2021-12-31,s2_20211226.tif,s5p_20211226.tif,ok,ok,complete,2026-09-09T09:48:17.086570
20211231,2021-12-31,2022-01-05,s2_20211231.tif,s5p_20211231.tif,ok,ok,complete,2026-09-09T09:48:17.125194
20220105,2022-01-05,2022-01-10,s2_20220105.tif,s5p_20220105.tif,ok,ok,complete,2026-09-09T09:48:17.278123
20220110,2022-01-10,2022-01-15,s2_20220110.tif,s5p_20220110.tif,ok,ok,complete,2026-09-09T09:48:17.320371
20220115,2022-01-15,2022-01-20,s2_20220115.tif,s5p_20220115.tif,ok,ok,complete,2026-09-09T09:48:17.345262
20220120,2022-01-20,2022-01-25,s2_20220120.tif,s5p_20220120.tif,ok,ok,complete,2026-09-09T09:48:17.393066
20220125,2022-01-25,2022-01-30,s2_20220125.tif,s5p_20220125.tif,ok,ok,complete,2026-09-09T09:48:17.468784
20220204,2022-02-04,2022-02-09,s2_20220204.tif,s5p_20220204.tif,ok,ok,complete,2026-09-09T09:48:17.544436
20220130,2022-01-30,2022-02-04,s2_20220130.tif,s5p_20220130.tif,ok,ok,complete,2026-09-09T09:48:17.503423
20220209,2022-02-09,2022-02-14,s2_20220209.tif,s5p_20220209.tif,ok,ok,complete,2026-09-09T09:48:17.636098
20220214,2022-02-14,2022-02-19,s2_20220214.tif,s5p_20220214.tif,ok,ok,complete,2026-09-09T09:48:17.704753
20220219,2022-02-19,2022-02-24,s2_20220219.tif,s5p_20220219.tif,ok,ok,complete,2026-09-09T09:48:17.738589
20220301,2022-03-01,2022-03-06,s2_20220301.tif,s5p_20220301.tif,ok,ok,complete,2026-09-09T09:48:17.959742
20220306,2022-03-06,2022-03-11,s2_20220306.tif,s5p_20220306.tif,ok,ok,complete,2026-09-09T09:48:18.007683
20220224,2022-02-24,2022-03-01,s2_20220224.tif,s5p_20220224.tif,ok,ok,complete,2026-09-09T09:48:17.900379
20220311,2022-03-11,2022-03-16,s2_20220311.tif,s5p_20220311.tif,ok,ok,complete,2026-09-09T09:48:18.200405
20220316,2022-03-16,2022-03-21,s2_20220316.tif,s5p_20220316.tif,ok,ok,complete,2026-09-09T09:48:18.341841
20220321,2022-03-21,2022-03-26,s2_20220321.tif,s5p_20220321.tif,ok,ok,complete,2026-09-09T09:48:18.433674
20220326,2022-03-26,2022-03-31,s2_20220326.tif,s5p_20220326.tif,ok,ok,complete,2026-09-09T09:48:18.550843
20220331,2022-03-31,2022-04-05,s2_20220331.tif,s5p_20220331.tif,ok,ok,complete,2026-09-09T09:48:18.601985
20220405,2022-04-05,2022-04-10,s2_20220405.tif,s5p_20220405.tif,ok,ok,complete,2026-09-09T09:48:18.700465
20220415,2022-04-15,2022-04-20,s2_20220415.tif,s5p_20220415.tif,ok,ok,complete,2026-09-09T09:48:18.820843
20220410,2022-04-10,2022-04-15,s2_20220410.tif,s5p_20220410.tif,ok,ok,complete,2026-09-09T09:48:18.791203
20220425,2022-04-25,2022-04-30,s2_20220425.tif,s5p_20220425.tif,ok,ok,complete,2026-09-09T09:48:18.981415
20200210,2020-02-10,2020-02-15,s2_20200210.tif,s5p_20200210.tif,ok,ok,complete,2026-09-09T09:47:57.350086
20220430,2022-04-30,2022-05-05,s2_20220430.tif,s5p_20220430.tif,ok,ok,complete,2026-09-09T09:48:09.214200
20220505,2022-05-05,2022-05-10,s2_20220505.tif,s5p_20220505.tif,ok,ok,complete,2026-09-09T09:48:19.152422
20220420,2022-04-20,2022-04-25,s2_20220420.tif,s5p_20220420.tif,ok,ok,complete,2026-09-09T09:47:52.280381
20220515,2022-05-15,2022-05-20,s2_20220515.tif,s5p_20220515.tif,ok,ok,complete,2026-09-09T09:48:19.348039
20220520,2022-05-20,2022-05-25,s2_20220520.tif,s5p_20220520.tif,ok,ok,complete,2026-09-09T09:48:22.973305
20220525,2022-05-25,2022-05-30,s2_20220525.tif,s5p_20220525.tif,ok,ok,complete,2026-09-09T09:48:29.016255
20220510,2022-05-10,2022-05-15,s2_20220510.tif,s5p_20220510.tif,ok,ok,complete,2026-09-09T09:48:19.276566
20220530,2022-05-30,2022-06-04,s2_20220530.tif,s5p_20220530.tif,ok,ok,complete,2026-09-09T09:48:41.137956
20220614,2022-06-14,2022-06-19,s2_20220614.tif,s5p_20220614.tif,ok,ok,complete,2026-09-09T09:48:46.938934
20220619,2022-06-19,2022-06-24,s2_20220619.tif,s5p_20220619.tif,ok,ok,complete,2026-09-09T09:48:56.406380
20220629,2022-06-29,2022-07-04,s2_20220629.tif,s5p_20220629.tif,ok,ok,complete,2026-09-09T09:49:03.909435
20220704,2022-07-04,2022-07-09,s2_20220704.tif,s5p_20220704.tif,ok,ok,complete,2026-09-09T09:49:14.393289
20220609,2022-06-09,2022-06-14,s2_20220609.tif,s5p_20220609.tif,ok,ok,complete,2026-09-09T09:48:43.349734
20220624,2022-06-24,2022-06-29,s2_20220624.tif,s5p_20220624.tif,ok,ok,complete,2026-09-09T09:48:59.339012
20220604,2022-06-04,2022-06-09,s2_20220604.tif,s5p_20220604.tif,ok,ok,complete,2026-09-09T09:48:42.184792
20220719,2022-07-19,2022-07-24,s2_20220719.tif,s5p_20220719.tif,ok,ok,complete,2026-09-09T09:49:22.660312
20220714,2022-07-14,2022-07-19,s2_20220714.tif,s5p_20220714.tif,ok,ok,complete,2026-09-09T09:49:17.608896
20220724,2022-07-24,2022-07-29,s2_20220724.tif,s5p_20220724.tif,ok,ok,complete,2026-09-09T09:49:22.673006
20220729,2022-07-29,2022-08-03,s2_20220729.tif,s5p_20220729.tif,ok,ok,complete,2026-09-09T09:49:28.914551
20220808,2022-08-08,2022-08-13,s2_20220808.tif,s5p_20220808.tif,ok,ok,complete,2026-09-09T09:49:35.601434
20220709,2022-07-09,2022-07-14,s2_20220709.tif,s5p_20220709.tif,ok,ok,complete,2026-09-09T09:49:14.323118
20220828,2022-08-28,2022-09-02,s2_20220828.tif,s5p_20220828.tif,ok,ok,complete,2026-09-09T09:49:47.747255
20220803,2022-08-03,2022-08-08,s2_20220803.tif,s5p_20220803.tif,ok,ok,complete,2026-09-09T09:49:30.049779
20220813,2022-08-13,2022-08-18,s2_20220813.tif,s5p_20220813.tif,ok,ok,complete,2026-09-09T09:49:40.937639
20220823,2022-08-23,2022-08-28,s2_20220823.tif,s5p_20220823.tif,ok,ok,complete,2026-09-09T09:49:46.345576
20220912,2022-09-12,2022-09-17,s2_20220912.tif,s5p_20220912.tif,ok,ok,complete,2026-09-09T09:50:05.981969
20220907,2022-09-07,2022-09-12,s2_20220907.tif,s5p_20220907.tif,ok,ok,complete,2026-09-09T09:50:03.397642
20220818,2022-08-18,2022-08-23,s2_20220818.tif,s5p_20220818.tif,ok,ok,complete,2026-09-09T09:49:45.244280
20220922,2022-09-22,2022-09-27,s2_20220922.tif,s5p_20220922.tif,ok,ok,complete,2026-09-09T09:50:11.978666
20221002,2022-10-02,2022-10-07,s2_20221002.tif,s5p_20221002.tif,ok,ok,complete,2026-09-09T09:50:28.053934
20220927,2022-09-27,2022-10-02,s2_20220927.tif,s5p_20220927.tif,ok,ok,complete,2026-09-09T09:50:22.504907
20220902,2022-09-02,2022-09-07,s2_20220902.tif,s5p_20220902.tif,ok,ok,complete,2026-09-09T09:49:58.399847
20221012,2022-10-12,2022-10-17,s2_20221012.tif,s5p_20221012.tif,ok,ok,complete,2026-09-09T09:50:36.739247
20221007,2022-10-07,2022-10-12,s2_20221007.tif,s5p_20221007.tif,ok,ok,complete,2026-09-09T09:50:28.594218
20221017,2022-10-17,2022-10-22,s2_20221017.tif,s5p_20221017.tif,ok,ok,complete,2026-09-09T09:50:30.689520
20221027,2022-10-27,2022-11-01,s2_20221027.tif,s5p_20221027.tif,ok,ok,complete,2026-09-09T09:50:45.040043
20221022,2022-10-22,2022-10-27,s2_20221022.tif,s5p_20221022.tif,ok,ok,complete,2026-09-09T09:50:52.625377
20221101,2022-11-01,2022-11-06,s2_20221101.tif,s5p_20221101.tif,ok,ok,complete,2026-09-09T09:50:53.098183
20220917,2022-09-17,2022-09-22,s2_20220917.tif,s5p_20220917.tif,ok,ok,complete,2026-09-09T09:50:09.674918
20221111,2022-11-11,2022-11-16,s2_20221111.tif,s5p_20221111.tif,ok,ok,complete,2026-09-09T09:51:03.155190
20221116,2022-11-16,2022-11-21,s2_20221116.tif,s5p_20221116.tif,ok,ok,complete,2026-09-09T09:51:14.031624
20221106,2022-11-06,2022-11-11,s2_20221106.tif,s5p_20221106.tif,ok,ok,complete,2026-09-09T09:51:00.940224
20221201,2022-12-01,2022-12-06,s2_20221201.tif,s5p_20221201.tif,ok,ok,complete,2026-09-09T09:51:21.116153
20221121,2022-11-21,2022-11-26,s2_20221121.tif,s5p_20221121.tif,ok,ok,complete,2026-09-09T09:51:16.294621
20221206,2022-12-06,2022-12-11,s2_20221206.tif,s5p_20221206.tif,ok,ok,complete,2026-09-09T09:51:22.895122
20221211,2022-12-11,2022-12-16,s2_20221211.tif,s5p_20221211.tif,ok,ok,complete,2026-09-09T09:51:27.638750
20221126,2022-11-26,2022-12-01,s2_20221126.tif,s5p_20221126.tif,ok,ok,complete,2026-09-09T09:51:14.681068
20221216,2022-12-16,2022-12-21,s2_20221216.tif,s5p_20221216.tif,ok,ok,complete,2026-09-09T09:51:36.440251
20221221,2022-12-21,2022-12-26,s2_20221221.tif,s5p_20221221.tif,ok,ok,complete,2026-09-09T09:51:37.890463
20221231,2022-12-31,2023-01-05,s2_20221231.tif,s5p_20221231.tif,ok,ok,complete,2026-09-09T09:51:46.196686
20230105,2023-01-05,2023-01-10,s2_20230105.tif,s5p_20230105.tif,ok,ok,complete,2026-09-09T09:51:58.199301
20230110,2023-01-10,2023-01-15,s2_20230110.tif,s5p_20230110.tif,ok,ok,complete,2026-09-09T09:51:55.869197
20230120,2023-01-20,2023-01-25,s2_20230120.tif,s5p_20230120.tif,ok,ok,complete,2026-09-09T09:52:04.787744
20230115,2023-01-15,2023-01-20,s2_20230115.tif,s5p_20230115.tif,ok,ok,complete,2026-09-09T09:52:02.378269
20230125,2023-01-25,2023-01-30,s2_20230125.tif,s5p_20230125.tif,ok,ok,complete,2026-09-09T09:52:15.104538
20230204,2023-02-04,2023-02-09,s2_20230204.tif,s5p_20230204.tif,ok,ok,complete,2026-09-09T09:52:38.254633
20230130,2023-01-30,2023-02-04,s2_20230130.tif,s5p_20230130.tif,ok,ok,complete,2026-09-09T09:52:24.306632
20230209,2023-02-09,2023-02-14,s2_20230209.tif,s5p_20230209.tif,ok,ok,complete,2026-09-09T09:52:40.360229
20221226,2022-12-26,2022-12-31,s2_20221226.tif,s5p_20221226.tif,ok,ok,complete,2026-09-09T09:51:37.614212
20230301,2023-03-01,2023-03-06,s2_20230301.tif,s5p_20230301.tif,ok,ok,complete,2026-09-09T09:53:12.024247
20230219,2023-02-19,2023-02-24,s2_20230219.tif,s5p_20230219.tif,ok,ok,complete,2026-09-09T09:53:03.383510
20230224,2023-02-24,2023-03-01,s2_20230224.tif,s5p_20230224.tif,ok,ok,complete,2026-09-09T09:52:52.525226
20230214,2023-02-14,2023-02-19,s2_20230214.tif,s5p_20230214.tif,ok,ok,complete,2026-09-09T09:52:51.311131
20230316,2023-03-16,2023-03-21,s2_20230316.tif,s5p_20230316.tif,ok,ok,complete,2026-09-09T09:53:15.097911
20230321,2023-03-21,2023-03-26,s2_20230321.tif,s5p_20230321.tif,ok,ok,complete,2026-09-09T09:53:35.908670
20230326,2023-03-26,2023-03-31,s2_20230326.tif,s5p_20230326.tif,ok,ok,complete,2026-09-09T09:53:39.414687
20230311,2023-03-11,2023-03-16,s2_20230311.tif,s5p_20230311.tif,ok,ok,complete,2026-09-09T09:53:24.511996
20230306,2023-03-06,2023-03-11,s2_20230306.tif,s5p_20230306.tif,ok,ok,complete,2026-09-09T09:53:13.533289
20230331,2023-03-31,2023-04-05,s2_20230331.tif,s5p_20230331.tif,ok,ok,complete,2026-09-09T09:53:41.553194
20230405,2023-04-05,2023-04-10,s2_20230405.tif,s5p_20230405.tif,ok,ok,complete,2026-09-09T09:53:55.959370
20230410,2023-04-10,2023-04-15,s2_20230410.tif,s5p_20230410.tif,ok,ok,complete,2026-09-09T09:53:52.375985
20230430,2023-04-30,2023-05-05,s2_20230430.tif,s5p_20230430.tif,ok,ok,complete,2026-09-09T09:54:19.482672
20230420,2023-04-20,2023-04-25,s2_20230420.tif,s5p_20230420.tif,ok,ok,complete,2026-09-09T09:54:02.079066
20230425,2023-04-25,2023-04-30,s2_20230425.tif,s5p_20230425.tif,ok,ok,complete,2026-09-09T09:54:07.358453
20230415,2023-04-15,2023-04-20,s2_20230415.tif,s5p_20230415.tif,ok,ok,complete,2026-09-09T09:54:02.187374
20230510,2023-05-10,2023-05-15,s2_20230510.tif,s5p_20230510.tif,ok,ok,complete,2026-09-09T09:54:24.493931
20230520,2023-05-20,2023-05-25,s2_20230520.tif,s5p_20230520.tif,ok,ok,complete,2026-09-09T09:54:37.196495
20230505,2023-05-05,2023-05-10,s2_20230505.tif,s5p_20230505.tif,ok,ok,complete,2026-09-09T09:54:22.065221
20230530,2023-05-30,2023-06-04,s2_20230530.tif,s5p_20230530.tif,ok,ok,complete,2026-09-09T09:54:41.712333
20230515,2023-05-15,2023-05-20,s2_20230515.tif,s5p_20230515.tif,ok,ok,complete,2026-09-09T09:54:29.349273
20230614,2023-06-14,2023-06-19,s2_20230614.tif,s5p_20230614.tif,ok,ok,complete,2026-09-09T09:54:57.177713
20230604,2023-06-04,2023-06-09,s2_20230604.tif,s5p_20230604.tif,ok,ok,complete,2026-09-09T09:54:44.074914
20230619,2023-06-19,2023-06-24,s2_20230619.tif,s5p_20230619.tif,ok,ok,complete,2026-09-09T09:55:04.413517
20230525,2023-05-25,2023-05-30,s2_20230525.tif,s5p_20230525.tif,ok,ok,complete,2026-09-09T09:54:39.694579
20230609,2023-06-09,2023-06-14,s2_20230609.tif,s5p_20230609.tif,ok,ok,complete,2026-09-09T09:54:49.969481
20230624,2023-06-24,2023-06-29,s2_20230624.tif,s5p_20230624.tif,ok,ok,complete,2026-09-09T09:55:02.030906
20230704,2023-07-04,2023-07-09,s2_20230704.tif,s5p_20230704.tif,ok,ok,complete,2026-09-09T09:55:08.953817
20230629,2023-06-29,2023-07-04,s2_20230629.tif,s5p_20230629.tif,ok,ok,complete,2026-09-09T09:55:10.626584
20230709,2023-07-09,2023-07-14,s2_20230709.tif,s5p_20230709.tif,ok,ok,complete,2026-09-09T09:55:15.208824
20230724,2023-07-24,2023-07-29,s2_20230724.tif,s5p_20230724.tif,ok,ok,complete,2026-09-09T09:55:31.213377
20230729,2023-07-29,2023-08-03,s2_20230729.tif,s5p_20230729.tif,ok,ok,complete,2026-09-09T09:55:22.128396
20230719,2023-07-19,2023-07-24,s2_20230719.tif,s5p_20230719.tif,ok,ok,complete,2026-09-09T09:55:21.009093
20230714,2023-07-14,2023-07-19,s2_20230714.tif,s5p_20230714.tif,ok,ok,complete,2026-09-09T09:55:18.819626
20230803,2023-08-03,2023-08-08,s2_20230803.tif,s5p_20230803.tif,ok,ok,complete,2026-09-09T09:55:35.176204
20230808,2023-08-08,2023-08-13,s2_20230808.tif,s5p_20230808.tif,ok,ok,complete,2026-09-09T09:55:36.132874
20230818,2023-08-18,2023-08-23,s2_20230818.tif,s5p_20230818.tif,ok,ok,complete,2026-09-09T09:55:44.451127
20230813,2023-08-13,2023-08-18,s2_20230813.tif,s5p_20230813.tif,ok,ok,complete,2026-09-09T09:55:47.085308
20230907,2023-09-07,2023-09-12,s2_20230907.tif,s5p_20230907.tif,ok,ok,complete,2026-09-09T09:55:58.970570
20230828,2023-08-28,2023-09-02,s2_20230828.tif,s5p_20230828.tif,ok,ok,complete,2026-09-09T09:55:56.944132
20230902,2023-09-02,2023-09-07,s2_20230902.tif,s5p_20230902.tif,ok,ok,complete,2026-09-09T09:56:00.442581
20230823,2023-08-23,2023-08-28,s2_20230823.tif,s5p_20230823.tif,ok,ok,complete,2026-09-09T09:55:53.269530
20230912,2023-09-12,2023-09-17,s2_20230912.tif,s5p_20230912.tif,ok,ok,complete,2026-09-09T09:56:09.802270
20230922,2023-09-22,2023-09-27,s2_20230922.tif,s5p_20230922.tif,ok,ok,complete,2026-09-09T09:56:14.227343
20230917,2023-09-17,2023-09-22,s2_20230917.tif,s5p_20230917.tif,ok,ok,complete,2026-09-09T09:56:08.018098
20230927,2023-09-27,2023-10-02,s2_20230927.tif,s5p_20230927.tif,ok,ok,complete,2026-09-09T09:56:19.854564
20231002,2023-10-02,2023-10-07,s2_20231002.tif,s5p_20231002.tif,ok,ok,complete,2026-09-09T09:56:20.229540
20231012,2023-10-12,2023-10-17,s2_20231012.tif,s5p_20231012.tif,ok,ok,complete,2026-09-09T09:56:39.830577
20231022,2023-10-22,2023-10-27,s2_20231022.tif,s5p_20231022.tif,ok,ok,complete,2026-09-09T09:56:41.343694
20231017,2023-10-17,2023-10-22,s2_20231017.tif,s5p_20231017.tif,ok,ok,complete,2026-09-09T09:56:40.131440
20231101,2023-11-01,2023-11-06,s2_20231101.tif,s5p_20231101.tif,ok,ok,complete,2026-09-09T09:56:49.268010
20231007,2023-10-07,2023-10-12,s2_20231007.tif,s5p_20231007.tif,ok,ok,complete,2026-09-09T09:56:26.850103
20231111,2023-11-11,2023-11-16,s2_20231111.tif,s5p_20231111.tif,ok,ok,complete,2026-09-09T09:56:56.262910
20231027,2023-10-27,2023-11-01,s2_20231027.tif,s5p_20231027.tif,ok,ok,complete,2026-09-09T09:56:47.590739
20231116,2023-11-16,2023-11-21,s2_20231116.tif,s5p_20231116.tif,ok,ok,complete,2026-09-09T09:56:57.610735
20231121,2023-11-21,2023-11-26,s2_20231121.tif,s5p_20231121.tif,ok,ok,complete,2026-09-09T09:57:09.770819
20231106,2023-11-06,2023-11-11,s2_20231106.tif,s5p_20231106.tif,ok,ok,complete,2026-09-09T09:56:53.800586
20231126,2023-11-26,2023-12-01,s2_20231126.tif,s5p_20231126.tif,ok,ok,complete,2026-09-09T09:57:03.804236
20231201,2023-12-01,2023-12-06,s2_20231201.tif,s5p_20231201.tif,ok,ok,complete,2026-09-09T09:57:14.338634
20231211,2023-12-11,2023-12-16,s2_20231211.tif,s5p_20231211.tif,ok,ok,complete,2026-09-09T09:57:22.519391
20231216,2023-12-16,2023-12-21,s2_20231216.tif,s5p_20231216.tif,ok,ok,complete,2026-09-09T09:57:24.185662
20231206,2023-12-06,2023-12-11,s2_20231206.tif,s5p_20231206.tif,ok,ok,complete,2026-09-09T09:57:15.009796
20231226,2023-12-26,2023-12-31,s2_20231226.tif,s5p_20231226.tif,ok,ok,complete,2026-09-09T09:57:27.459137
20231221,2023-12-21,2023-12-26,s2_20231221.tif,s5p_20231221.tif,ok,ok,complete,2026-09-09T09:57:28.963343
20240105,2024-01-05,2024-01-10,s2_20240105.tif,s5p_20240105.tif,ok,ok,complete,2026-09-09T09:57:36.518103
20231231,2023-12-31,2024-01-05,s2_20231231.tif,s5p_20231231.tif,ok,ok,complete,2026-09-09T09:57:33.941782
20240110,2024-01-10,2024-01-15,s2_20240110.tif,s5p_20240110.tif,ok,ok,complete,2026-09-09T09:57:42.503749
20240115,2024-01-15,2024-01-20,s2_20240115.tif,s5p_20240115.tif,ok,ok,complete,2026-09-09T09:57:41.276688
20240120,2024-01-20,2024-01-25,s2_20240120.tif,s5p_20240120.tif,ok,ok,complete,2026-09-09T09:57:54.578026
20240125,2024-01-25,2024-01-30,s2_20240125.tif,s5p_20240125.tif,ok,ok,complete,2026-09-09T09:57:50.310211
20240204,2024-02-04,2024-02-09,s2_20240204.tif,s5p_20240204.tif,ok,ok,complete,2026-09-09T09:58:03.164349
20240130,2024-01-30,2024-02-04,s2_20240130.tif,s5p_20240130.tif,ok,ok,complete,2026-09-09T09:58:03.995292
20240209,2024-02-09,2024-02-14,s2_20240209.tif,s5p_20240209.tif,ok,ok,complete,2026-09-09T09:58:17.948121
20240214,2024-02-14,2024-02-19,s2_20240214.tif,s5p_20240214.tif,ok,ok,complete,2026-09-09T09:58:25.597432
20240224,2024-02-24,2024-02-29,s2_20240224.tif,s5p_20240224.tif,ok,ok,complete,2026-09-09T09:58:44.567404
20240229,2024-02-29,2024-03-05,s2_20240229.tif,s5p_20240229.tif,ok,ok,complete,2026-09-09T09:58:42.595006
20240305,2024-03-05,2024-03-10,s2_20240305.tif,s5p_20240305.tif,ok,ok,complete,2026-09-09T09:58:49.727265
20240219,2024-02-19,2024-02-24,s2_20240219.tif,s5p_20240219.tif,ok,ok,complete,2026-09-09T09:58:25.677424
20240310,2024-03-10,2024-03-15,s2_20240310.tif,s5p_20240310.tif,ok,ok,complete,2026-09-09T09:58:53.696321
20240315,2024-03-15,2024-03-20,s2_20240315.tif,s5p_20240315.tif,ok,ok,complete,2026-09-09T09:59:00.445079
20240320,2024-03-20,2024-03-25,s2_20240320.tif,s5p_20240320.tif,ok,ok,complete,2026-09-09T09:59:01.164625
20240404,2024-04-04,2024-04-09,s2_20240404.tif,s5p_20240404.tif,ok,ok,complete,2026-09-09T09:59:12.955526
20240330,2024-03-30,2024-04-04,s2_20240330.tif,s5p_20240330.tif,ok,ok,complete,2026-09-09T09:59:12.036841
20240409,2024-04-09,2024-04-14,s2_20240409.tif,s5p_20240409.tif,ok,ok,complete,2026-09-09T09:59:20.076703
20240325,2024-03-25,2024-03-30,s2_20240325.tif,s5p_20240325.tif,ok,ok,complete,2026-09-09T09:59:12.289539
20240424,2024-04-24,2024-04-29,s2_20240424.tif,s5p_20240424.tif,ok,ok,complete,2026-09-09T09:59:33.467894
20240419,2024-04-19,2024-04-24,s2_20240419.tif,s5p_20240419.tif,ok,ok,complete,2026-09-09T09:59:30.644046
20240429,2024-04-29,2024-05-04,s2_20240429.tif,s5p_20240429.tif,ok,ok,complete,2026-09-09T09:59:42.335648
20240504,2024-05-04,2024-05-09,s2_20240504.tif,s5p_20240504.tif,ok,ok,complete,2026-09-09T09:59:54.437901
20240514,2024-05-14,2024-05-19,s2_20240514.tif,s5p_20240514.tif,ok,ok,complete,2026-09-09T10:00:02.753550
20240519,2024-05-19,2024-05-24,s2_20240519.tif,s5p_20240519.tif,ok,ok,complete,2026-09-09T10:00:08.149321
20240414,2024-04-14,2024-04-19,s2_20240414.tif,s5p_20240414.tif,ok,ok,complete,2026-09-09T09:59:26.958839
20240509,2024-05-09,2024-05-14,s2_20240509.tif,s5p_20240509.tif,ok,ok,complete,2026-09-09T10:00:07.717791
20240603,2024-06-03,2024-06-08,s2_20240603.tif,s5p_20240603.tif,ok,ok,complete,2026-09-09T10:00:22.582136
20240529,2024-05-29,2024-06-03,s2_20240529.tif,s5p_20240529.tif,ok,ok,complete,2026-09-09T10:00:16.806028
20240608,2024-06-08,2024-06-13,s2_20240608.tif,s5p_20240608.tif,ok,ok,complete,2026-09-09T10:00:23.169235
20240524,2024-05-24,2024-05-29,s2_20240524.tif,s5p_20240524.tif,ok,ok,complete,2026-09-09T10:00:08.851641
20240628,2024-06-28,2024-07-03,s2_20240628.tif,s5p_20240628.tif,ok,ok,complete,2026-09-09T10:00:34.896268
20240613,2024-06-13,2024-06-18,s2_20240613.tif,s5p_20240613.tif,ok,ok,complete,2026-09-09T10:00:27.620225
20240618,2024-06-18,2024-06-23,s2_20240618.tif,s5p_20240618.tif,ok,ok,complete,2026-09-09T10:00:30.648681
20240708,2024-07-08,2024-07-13,s2_20240708.tif,s5p_20240708.tif,ok,ok,complete,2026-09-09T10:00:48.533409
20240713,2024-07-13,2024-07-18,s2_20240713.tif,s5p_20240713.tif,ok,ok,complete,2026-09-09T10:00:48.569681
20240623,2024-06-23,2024-06-28,s2_20240623.tif,s5p_20240623.tif,ok,ok,complete,2026-09-09T10:00:32.975747
20240703,2024-07-03,2024-07-08,s2_20240703.tif,s5p_20240703.tif,ok,ok,complete,2026-09-09T10:00:44.226244
20240728,2024-07-28,2024-08-02,s2_20240728.tif,s5p_20240728.tif,ok,ok,complete,2026-09-09T10:01:01.922100
20240802,2024-08-02,2024-08-07,s2_20240802.tif,s5p_20240802.tif,ok,ok,complete,2026-09-09T10:01:02.040437
20240718,2024-07-18,2024-07-23,s2_20240718.tif,s5p_20240718.tif,ok,ok,complete,2026-09-09T10:00:52.406096
20240723,2024-07-23,2024-07-28,s2_20240723.tif,s5p_20240723.tif,ok,ok,complete,2026-09-09T10:00:55.803472
20240807,2024-08-07,2024-08-12,s2_20240807.tif,s5p_20240807.tif,ok,ok,complete,2026-09-09T10:01:04.025244
20240817,2024-08-17,2024-08-22,s2_20240817.tif,s5p_20240817.tif,ok,ok,complete,2026-09-09T10:01:04.803232
20240812,2024-08-12,2024-08-17,s2_20240812.tif,s5p_20240812.tif,ok,ok,complete,2026-09-09T10:01:05.511315
20240822,2024-08-22,2024-08-27,s2_20240822.tif,s5p_20240822.tif,ok,ok,complete,2026-09-09T10:01:13.042895
20240901,2024-09-01,2024-09-06,s2_20240901.tif,s5p_20240901.tif,ok,ok,complete,2026-09-09T10:01:18.987609
20240827,2024-08-27,2024-09-01,s2_20240827.tif,s5p_20240827.tif,ok,ok,complete,2026-09-09T10:01:16.923922
20240906,2024-09-06,2024-09-11,s2_20240906.tif,s5p_20240906.tif,ok,ok,complete,2026-09-09T10:01:19.837245
20240916,2024-09-16,2024-09-21,s2_20240916.tif,s5p_20240916.tif,ok,ok,complete,2026-09-09T10:01:28.452389
20240911,2024-09-11,2024-09-16,s2_20240911.tif,s5p_20240911.tif,ok,ok,complete,2026-09-09T10:01:24.591876
20241011,2024-10-11,2024-10-16,s2_20241011.tif,s5p_20241011.tif,ok,ok,complete,2026-09-09T10:01:56.674576
20240926,2024-09-26,2024-10-01,s2_20240926.tif,s5p_20240926.tif,ok,ok,complete,2026-09-09T10:01:34.744020
20240921,2024-09-21,2024-09-26,s2_20240921.tif,s5p_20240921.tif,ok,ok,complete,2026-09-09T10:01:28.987374
20241006,2024-10-06,2024-10-11,s2_20241006.tif,s5p_20241006.tif,ok,ok,complete,2026-09-09T10:01:46.704286
20241001,2024-10-01,2024-10-06,s2_20241001.tif,s5p_20241001.tif,ok,ok,complete,2026-09-09T10:01:40.429402
20241016,2024-10-16,2024-10-21,s2_20241016.tif,s5p_20241016.tif,ok,ok,complete,2026-09-09T10:01:56.815487
20241021,2024-10-21,2024-10-26,s2_20241021.tif,s5p_20241021.tif,ok,ok,complete,2026-09-09T10:01:56.236314
20241031,2024-10-31,2024-11-05,s2_20241031.tif,s5p_20241031.tif,ok,ok,complete,2026-09-09T10:02:01.122609
20241105,2024-11-05,2024-11-10,s2_20241105.tif,s5p_20241105.tif,ok,ok,complete,2026-09-09T10:02:05.940976
20241110,2024-11-10,2024-11-15,s2_20241110.tif,s5p_20241110.tif,ok,ok,complete,2026-09-09T10:02:13.196079
20241026,2024-10-26,2024-10-31,s2_20241026.tif,s5p_20241026.tif,ok,ok,complete,2026-09-09T10:01:55.693559
20241125,2024-11-25,2024-11-30,s2_20241125.tif,s5p_20241125.tif,ok,ok,complete,2026-09-09T10:02:26.445804
20241120,2024-11-20,2024-11-25,s2_20241120.tif,s5p_20241120.tif,ok,ok,complete,2026-09-09T10:02:20.290745
20241115,2024-11-15,2024-11-20,s2_20241115.tif,s5p_20241115.tif,ok,ok,complete,2026-09-09T10:02:16.455262
20241130,2024-11-30,2024-12-05,s2_20241130.tif,s5p_20241130.tif,ok,ok,complete,2026-09-09T10:02:27.214228
20241210,2024-12-10,2024-12-15,s2_20241210.tif,s5p_20241210.tif,ok,ok,complete,2026-09-09T10:02:31.925828
20241215,2024-12-15,2024-12-20,s2_20241215.tif,s5p_20241215.tif,ok,ok,complete,2026-09-09T10:02:32.518724
20241205,2024-12-05,2024-12-10,s2_20241205.tif,s5p_20241205.tif,ok,ok,complete,2026-09-09T10:02:29.267182
20241220,2024-12-20,2024-12-25,s2_20241220.tif,s5p_20241220.tif,ok,ok,complete,2026-09-09T10:02:49.133667
20241225,2024-12-25,2024-12-30,s2_20241225.tif,s5p_20241225.tif,ok,ok,complete,2026-09-09T10:02:51.922362
